[
  {
    "line": 1,
    "elements": [
      {
        "line": 13,
        "name": "Upload image and download",
        "description": "",
        "id": "click-on-the-upload-and-download;upload-image-and-download;;2",
        "type": "scenario",
        "keyword": "Scenario Outline",
        "steps": [
          {
            "result": {
              "duration": 98557368,
              "status": "passed"
            },
            "line": 4,
            "name": "The title of Login page",
            "match": {
              "location": "LoginStepDefination.verify_the_page_title()"
            },
            "keyword": "Given "
          },
          {
            "result": {
              "duration": 1343154966,
              "status": "passed"
            },
            "line": 5,
            "name": "User enters \"omer_test\" and \"Omer2@38\"",
            "match": {
              "arguments": [
                {
                  "val": "omer_test",
                  "offset": 13
                },
                {
                  "val": "Omer2@38",
                  "offset": 29
                }
              ],
              "location": "LoginStepDefination.enter_username_and_password(String,String)"
            },
            "matchedColumns": [
              0,
              1
            ],
            "keyword": "When "
          },
          {
            "result": {
              "duration": 55884934,
              "status": "passed"
            },
            "line": 6,
            "name": "User clicks on Elements",
            "match": {
              "location": "TextBoxFormStepDefinations.Click_On_Element()"
            },
            "keyword": "Then "
          },
          {
            "result": {
              "duration": 1080073701,
              "status": "passed"
            },
            "line": 7,
            "name": "User select upload and Download from accordion tab",
            "match": {
              "location": "UploadAndDownloadStepDefinations.Select_Upload_And_Download_From_Accordion()"
            },
            "keyword": "Then "
          },
          {
            "result": {
              "duration": 1066293645,
              "status": "passed"
            },
            "line": 8,
            "name": "User select Choose file and Upload",
            "match": {
              "location": "UploadAndDownloadStepDefinations.Select_Upload_File()"
            },
            "keyword": "Then "
          },
          {
            "result": {
              "duration": 2065776413,
              "status": "passed"
            },
            "line": 9,
            "name": "Download the file",
            "match": {
              "location": "UploadAndDownloadStepDefinations.Download_File()"
            },
            "keyword": "Then "
          }
        ]
      }
    ],
    "name": "Click on the Upload And Download",
    "description": "",
    "id": "click-on-the-upload-and-download",
    "keyword": "Feature",
    "uri": "/Users/smomer/IdeaProjects/FreeCRMBDDFramework/src/test/java/Features/Elements/Upload_Download.feature"
  }
]